<?xml version="1.0"?>
<config>
	<tabs>
		<codazon translate="label" module="themeframework">
			<label>Codazon</label>
			<sort_order>200</sort_order>
		</codazon>
	</tabs>
	<sections>
		<codazon_quickshop translate="label" module="quickshop">               
			<label>Quickshop</label>
			<tab>codazon</tab>
			<frontend_type>text</frontend_type>
			<sort_order>100</sort_order>
			<show_in_default>1</show_in_default>
			<show_in_website>1</show_in_website>
			<show_in_store>1</show_in_store>            
			<groups>
				<general translate="label"> 
					<label>General</label>
					<frontend_type>text</frontend_type>
					<sort_order>5</sort_order>
					<show_in_default>1</show_in_default>
                    <show_in_website>1</show_in_website>
                    <show_in_store>1</show_in_store>
					<fields>
						<quickshop_enabled translate="label">
							<label>Enabled</label>
							<frontend_type>select</frontend_type>
							<source_model>adminhtml/system_config_source_yesno</source_model>
							<sort_order>1</sort_order>
							<show_in_default>1</show_in_default>
							<show_in_website>1</show_in_website>
							<show_in_store>1</show_in_store>
						</quickshop_enabled>
					</fields>
					<fields>
						<quickshop_label translate="label">
							<label>Quickshop label</label>
							<frontend_type>text</frontend_type>
							<sort_order>2</sort_order>
							<show_in_default>1</show_in_default>
							<show_in_website>1</show_in_website>
							<show_in_store>1</show_in_store>
						</quickshop_label>
					</fields>
					<fields>
						<quickshop_itemclass translate="label">
							<label>Item class</label>
							<frontend_type>textarea</frontend_type>
							<sort_order>3</sort_order>
							<show_in_default>1</show_in_default>
							<show_in_website>1</show_in_website>
							<show_in_store>1</show_in_store>
						</quickshop_itemclass>
					</fields>
				</general>
			</groups>
		</codazon_quickshop>
	</sections>
</config>
