<?xml version="1.0"?>
<!--
/**
 * Magento
 *
 * NOTICE OF LICENSE
 *
 * This source file is subject to the Academic Free License (AFL 3.0)
 * that is bundled with this package in the file LICENSE_AFL.txt.
 * It is also available through the world-wide-web at this URL:
 * http://opensource.org/licenses/afl-3.0.php
 * If you did not receive a copy of the license and are unable to
 * obtain it through the world-wide-web, please send an email
 * to license@magento.com so we can send you a copy immediately.
 *
 * DISCLAIMER
 *
 * Do not edit or add to this file if you wish to upgrade Magento to newer
 * versions in the future. If you wish to customize Magento for your
 * needs please refer to http://www.magento.com for more information.
 *
 * @category    Mage
 * @package     Mage_Cms
 * @copyright   Copyright (c) 2006-2015 X.commerce, Inc. (http://www.magento.com)
 * @license     http://opensource.org/licenses/afl-3.0.php  Academic Free License (AFL 3.0)
 */
-->
<widgets>
    <codazon_slideshow type="slideshow/slideshow" translate="name description" module="cms">
        <name>Codazon Slideshow</name>
        <description>Create Slideshow</description>        
        <parameters>
           <slideshow_id>
                <label>Slideshow</label>
                <visible>1</visible>
                <required>1</required>
                <description>Choose a slideshow</description>
                <type>select</type>
                <source_model>slideshow/slideshow</source_model>
            </slideshow_id>            
        </parameters>
    </codazon_slideshow>   
</widgets>
